Item,Calories
Beer,200
Bottled Water,0
Chocolate Bar,255
Chocolate Dipped Cone,300
Gummy Bears,300
Hamburger,320
Hot Dog,265
Ice Cream Sandwich,240
Licorice Rope,280
Nachos,560
Pizza,480
Popcorn,500
Popsicle,150
Soda,120
